,PubChemID,SMILES,logKp,Total Molweight,cLogP,cLogS,H-Acceptors,H-Donors,Polar Surface Area,Rotatable Bonds,Aromatic Rings,sp3-Atoms,amide_amide,amide_amides,amine_amine,alkyl-amine_alkyl-amine,aromatic amine_aromatic amine,aromatic nitrogen_aromatic nitrogen,basic nitrogen_basic nitrogen,acidic oxygen_acidic oxygen,acidic oxygen_acidic oxygens,AA,ALCOHOL,ALIPH. MISC.,AROM. MISC.,AZEPANE,AZONE OTHER,CAPROLACTAM,ESTER,ETHER,FATTY ACID,INORGANIC MISC.,MORPHOLINE,PIPERAZINE,PIPERIDINE,PIPERIDONE,POLYOL,PYRROLIDINE,PYRROLIDONE,STEROID,SUCCINIMIDE,SURF,TERP
0,137,C(CC(=O)O)C(=O)CN,-4.15,131.13,-3.0402,-0.49,4,2,80.39,4,0,5,0,0,1,1,0,0,1,1,0,1,0,0,0,0,0,0,0,0,0,0,0,0,0,0,0,0,0,0,0,0,0
1,85362,C(C(=O)NC(CC1=CNC2=CC=CC=C21)C(=O)O)N,-4.82,275.307,-2.0668,-2.211,6,4,108.21,5,2,6,1,0,1,1,0,1,1,1,0,1,0,0,0,0,0,0,0,0,0,0,0,0,0,0,0,0,0,0,0,0,0
2,750,C(C(=O)O)N,-4.42,75.0667,-3.3504,-0.028,3,2,63.32,1,0,3,0,0,1,1,0,0,1,1,0,1,0,0,0,0,0,0,0,0,0,0,0,0,0,0,0,0,0,0,0,0,0
3,5962,C(CCN)CC(C(=O)O)N,-4.77,146.189,-4.6792,-0.785,4,3,89.34,5,0,8,0,0,1,1,0,0,1,1,0,1,0,0,0,0,0,0,0,0,0,0,0,0,0,0,0,0,0,0,0,0,0
4,424,C(C(C(=O)O)N)C(=O)O,-5.03,133.10299999999998,-3.813,-0.151,5,3,100.62,3,0,5,0,0,1,1,0,0,1,1,0,1,0,0,0,0,0,0,0,0,0,0,0,0,0,0,0,0,0,0,0,0,0
6,6274,C1=C(NC=N1)CC(C(=O)O)N,"-5,26",155.156,-3.5054,-0.38,5,3,92.0,3,1,4,0,0,1,1,0,1,1,1,0,1,0,0,0,0,0,0,0,0,0,0,0,0,0,0,0,0,0,0,0,0,0
9,8103,CCCCCCO,-1.57,102.176,1.8681,-1.557,1,1,20.23,4,0,7,0,0,0,0,0,0,0,0,0,0,1,0,0,0,0,0,0,0,0,0,0,0,0,0,0,0,0,0,0,0,0
10,957,CCCCCCCCCO,-1.21,130.23,2.7769,-2.097,1,1,20.23,6,0,9,0,0,0,0,0,0,0,0,0,0,1,0,0,0,0,0,0,0,0,0,0,0,0,0,0,0,0,0,0,0,0
11,8174,CCCCCCCCCCO,-1.15,158.284,3.6857,-2.637,1,1,20.23,8,0,11,0,0,0,0,0,0,0,0,0,0,1,0,0,0,0,0,0,0,0,0,0,0,0,0,0,0,0,0,0,0,0
17,8914,CCCCCCCCCO,-2.52,144.257,3.2313,-2.367,1,1,20.23,7,0,10,0,0,0,0,0,0,0,0,0,0,1,0,0,0,0,0,0,0,0,0,0,0,0,0,0,0,0,0,0,0,0
25,8129,CCCCCCCO,-1.50,116.203,2.3225,-1.827,1,1,20.23,5,0,8,0,0,0,0,0,0,0,0,0,0,1,0,0,0,0,0,0,0,0,0,0,0,0,0,0,0,0,0,0,0,0
38,702,CCO,-3.50,46.0686,0.0505,-0.477,1,1,20.23,0,0,3,0,0,0,0,0,0,0,0,0,0,1,0,0,0,0,0,0,0,0,0,0,0,0,0,0,0,0,0,0,0,0
39,887,CO,-2.80,32.0418,-0.3558,-0.177,1,1,20.23,0,0,2,0,0,0,0,0,0,0,0,0,0,1,0,0,0,0,0,0,0,0,0,0,0,0,0,0,0,0,0,0,0,0
41,1031,CCCO,-2.91,60.0955,0.5049,-0.747,1,1,20.23,1,0,4,0,0,0,0,0,0,0,0,0,0,1,0,0,0,0,0,0,0,0,0,0,0,0,0,0,0,0,0,0,0,0
42,263,CCCCO,-1.55,74.1224,0.9593,-1.017,1,1,20.23,2,0,5,0,0,0,0,0,0,0,0,0,0,1,0,0,0,0,0,0,0,0,0,0,0,0,0,0,0,0,0,0,0,0
43,6276,CCCCCO,-2.22,88.1493,1.4137,-1.287,1,1,20.23,3,0,6,0,0,0,0,0,0,0,0,0,0,1,0,0,0,0,0,0,0,0,0,0,0,0,0,0,0,0,0,0,0,0
49,7856,C(C#N)Cl,-1.0,75.4979,0.4521,-1.533,1,0,23.79,0,0,1,0,0,0,0,0,0,0,0,0,0,0,1,0,0,0,0,0,0,0,0,0,0,0,0,0,0,0,0,0,0,0
50,3496,C(C(=O)O)NCP(=O)(O)O,-3.33,169.07299999999995,-6.2784,0.343,6,4,116.67,4,0,7,0,0,0,0,0,0,1,1,0,0,0,1,0,0,0,0,0,0,0,0,0,0,0,0,0,0,0,0,0,0,0
52,14223,C(CO)N(CCO)N=O,-2.39,134.134,-1.1784,0.612,5,2,73.13,4,0,6,0,0,0,0,0,0,0,0,0,0,0,1,0,0,0,0,0,0,0,0,0,0,0,0,0,0,0,0,0,0,0
57,18177,C(#N)C(Cl)Cl,-0.82,109.943,0.8543,-1.83,1,0,23.79,0,0,1,0,0,0,0,0,0,0,0,0,0,0,1,0,0,0,0,0,0,0,0,0,0,0,0,0,0,0,0,0,0,0
58,18617,C(#N)C(Br)Br,-0.77,198.845,1.1163,-2.114,1,0,23.79,0,0,1,0,0,0,0,0,0,0,0,0,0,0,1,0,0,0,0,0,0,0,0,0,0,0,0,0,0,0,0,0,0,0
62,10567,CC(=O)C(Cl)Cl,-1.36,126.97,1.0101,-1.604,1,0,17.07,1,0,2,0,0,0,0,0,0,0,0,0,0,0,1,0,0,0,0,0,0,0,0,0,0,0,0,0,0,0,0,0,0,0
64,4510,C(C(CO[N+](=O)[O-])O[N+](=O)[O-])O[N+](=O)[O-],-1.96,227.085,-2.3418,-2.6460000000000004,12,0,165.15,8,0,9,0,0,0,0,0,0,0,1,0,0,0,1,0,0,0,0,0,0,0,0,0,0,0,0,0,0,0,0,0,0,0
65,542762,C(C(=O)O)(Cl)Br,-1.79,173.393,0.4634,-1.2990000000000002,2,1,37.3,1,0,2,0,0,0,0,0,0,0,1,0,0,0,1,0,0,0,0,0,0,0,0,0,0,0,0,0,0,0,0,0,0,0
66,1176,C(=O)(N)N,-3.83,60.0558,-1.3194,-0.7979999999999999,3,2,69.11,0,0,0,1,0,0,0,0,0,0,0,0,0,0,1,0,0,0,0,0,0,0,0,0,0,0,0,0,0,0,0,0,0,0
68,11723,CCN(C)C,-2.57,73.1383,0.2707,-0.107,1,0,3.24,1,0,5,0,0,1,1,0,0,1,0,0,0,0,1,0,0,0,0,0,0,0,0,0,0,0,0,0,0,0,0,0,0,0
69,12433,C(C(=O)O)(Br)Br,-2.58,217.844,0.5944,-1.4409999999999998,2,1,37.3,1,0,2,0,0,0,0,0,0,0,1,0,0,0,1,0,0,0,0,0,0,0,0,0,0,0,0,0,0,0,0,0,0,0
70,176,C(=O)O,-2.52,60.0518,-0.2991,-0.459,2,1,37.3,0,0,2,0,0,0,0,0,0,0,1,0,0,0,1,0,0,0,0,0,0,0,0,0,0,0,0,0,0,0,0,0,0,0
71,679,CS(=O),-3.30,78.1346,-1.2837,-0.044,1,0,36.28,0,0,3,0,0,0,0,0,0,0,0,0,0,0,1,0,0,0,0,0,0,0,0,0,0,0,0,0,0,0,0,0,0,0
74,6359,C(Cl)(Cl)Br,-0.74,163.829,1.7658,-3.651,0,0,0.0,0,0,1,0,0,0,0,0,0,0,0,0,0,0,1,0,0,0,0,0,0,0,0,0,0,0,0,0,0,0,0,0,0,0
75,1146,CN(C)C,-2.31,59.1115,-0.1356,0.193,1,0,3.24,0,0,4,0,0,1,1,0,0,1,0,0,0,0,1,0,0,0,0,0,0,0,0,0,0,0,0,0,0,0,0,0,0,0
76,6421,C(=O)(C(Cl)(Cl)Cl)O,-1.72,163.387,1.1454,-1.66,2,1,37.3,1,0,2,0,0,0,0,0,0,0,1,0,0,0,1,0,0,0,0,0,0,0,0,0,0,0,0,0,0,0,0,0,0,0
77,6569,CCC(=O)C,-2.95,72.1065,0.833,-1.176,1,0,17.07,1,0,3,0,0,0,0,0,0,0,0,0,0,0,1,0,0,0,0,0,0,0,0,0,0,0,0,0,0,0,0,0,0,0
78,6227,C(C(=O)O)Br,-1.85,138.94799999999998,0.0612,-1.002,2,1,37.3,1,0,2,0,0,0,0,0,0,0,1,0,0,0,1,0,0,0,0,0,0,0,0,0,0,0,0,0,0,0,0,0,0,0
79,300,C(C(=O)O)Cl,-1.96,94.4968,-0.0698,-0.86,2,1,37.3,1,0,2,0,0,0,0,0,0,0,1,0,0,0,1,0,0,0,0,0,0,0,0,0,0,0,0,0,0,0,0,0,0,0
81,6597,C(C(=O)O)(Cl)Cl,-1.72,128.942,0.3324,-1.157,2,1,37.3,1,0,2,0,0,0,0,0,0,0,1,0,0,0,1,0,0,0,0,0,0,0,0,0,0,0,0,0,0,0,0,0,0,0
83,55004,C(#N)C(Cl)Br,-0.79,154.394,0.9853,-1.972,1,0,23.79,0,0,1,0,0,0,0,0,0,0,0,0,0,0,1,0,0,0,0,0,0,0,0,0,0,0,0,0,0,0,0,0,0,0
84,13514,CC(=O)C(Cl)(Cl)Cl,-1.62,161.415,1.8231,-2.107,1,0,17.07,1,0,2,0,0,0,0,0,0,0,0,0,0,0,1,0,0,0,0,0,0,0,0,0,0,0,0,0,0,0,0,0,0,0
86,980,C1=CC(=CC=C1[N+](=O)[O-])O,-2.25,139.11,0.3923,-1.78,4,1,66.05,1,1,2,0,0,0,0,0,0,0,1,0,0,0,0,1,0,0,0,0,0,0,0,0,0,0,0,0,0,0,0,0,0,0
87,7500,C1=CC=CC=C1,-1.15,106.167,2.4191,-2.119,0,0,0.0,1,1,2,0,0,0,0,0,0,0,0,0,0,0,0,1,0,0,0,0,0,0,0,0,0,0,0,0,0,0,0,0,0,0
89,244,C1=CC=C(C=C1)CO,-2.22,108.14,1.0623,-1.5,1,1,20.23,1,1,2,0,0,0,0,0,0,0,0,0,0,0,0,1,0,0,0,0,0,0,0,0,0,0,0,0,0,0,0,0,0,0
94,7808,C1=CC(=CC=C1O)Br,-1.44,173.009,2.0391,-2.154,1,1,20.23,0,1,1,0,0,0,0,0,0,0,0,0,0,0,0,1,0,0,0,0,0,0,0,0,0,0,0,0,0,0,0,0,0,0
95,2879,C1=CC=C(C=C1)O,-1.76,108.14,1.6578,-1.664,1,1,20.23,0,1,2,0,0,0,0,0,0,0,0,0,0,0,0,1,0,0,0,0,0,0,0,0,0,0,0,0,0,0,0,0,0,0
96,4684,C1=CC(=CC=C1O)Cl,-1.44,128.558,1.9199,-2.056,1,1,20.23,0,1,1,0,0,0,0,0,0,0,0,0,0,0,0,1,0,0,0,0,0,0,0,0,0,0,0,0,0,0,0,0,0,0
97,7814,C1=CC(=CC=C1N)N,-3.62,108.144,0.305,-1.768,2,2,52.04,0,1,0,0,0,1,0,1,0,0,0,0,0,0,0,1,0,0,0,0,0,0,0,0,0,0,0,0,0,0,0,0,0,0
98,342,C1=CC(=CC=C1)O,-1.82,108.14,1.6578,-1.664,1,1,20.23,0,1,2,0,0,0,0,0,0,0,0,0,0,0,0,1,0,0,0,0,0,0,0,0,0,0,0,0,0,0,0,0,0,0
99,5054,C1=CC(=CC(=C1)O)O,-3.62,110.112,0.9682,-1.024,2,2,40.46,0,1,2,0,0,0,0,0,0,0,0,0,0,0,0,1,0,0,0,0,0,0,0,0,0,0,0,0,0,0,0,0,0,0
100,359,C1=C(C=C(C=C1O)O)O,-2.51,126.111,0.6225,-0.728,3,3,60.69,0,1,3,0,0,0,0,0,0,0,0,0,0,0,0,1,0,0,0,0,0,0,0,0,0,0,0,0,0,0,0,0,0,0
101,1140,CC1=CC=CC=C1,-2.96,92.1405,2.1935,-1.96,0,0,0.0,0,1,1,0,0,0,0,0,0,0,0,0,0,0,0,1,0,0,0,0,0,0,0,0,0,0,0,0,0,0,0,0,0,0
102,996,C1=CC=C(C=C1)O,-2.08,94.1126,1.3139,-1.32,1,1,20.23,0,1,1,0,0,0,0,0,0,0,0,0,0,0,0,1,0,0,0,0,0,0,0,0,0,0,0,0,0,0,0,0,0,0
104,3417419,C1=CC(=C(C=C1N)[N+](=O)[O-])O,-2.55,154.125,-0.285,-1.856,5,2,92.07,1,1,2,0,0,1,0,1,0,0,1,0,0,0,0,1,0,0,0,0,0,0,0,0,0,0,0,0,0,0,0,0,0,0
105,8405,C1=CC=C2C=NC=CC2=C1,-1.78,129.162,1.8531,-2.427,1,0,12.89,0,2,0,0,0,0,0,0,1,0,0,0,0,0,0,1,0,0,0,0,0,0,0,0,0,0,0,0,0,0,0,0,0,0
106,289,C1=CC=C(C(=C1)O)O,-2.51,110.112,0.9682,-1.024,2,2,40.46,0,1,2,0,0,0,0,0,0,0,0,0,0,0,0,1,0,0,0,0,0,0,0,0,0,0,0,0,0,0,0,0,0,0
107,8449,C1=CC(=C(C=C1Cl)Cl)O,-1.22,163.003,2.5259,-2.792,1,1,20.23,0,1,1,0,0,0,0,0,0,0,0,0,0,0,0,1,0,0,0,0,0,0,0,0,0,0,0,0,0,0,0,0,0,0
109,31242,C1=CC=C(C=C1)O,-1.46,122.166,2.0734,-1.823,1,1,20.23,1,1,3,0,0,0,0,0,0,0,0,0,0,0,0,1,0,0,0,0,0,0,0,0,0,0,0,0,0,0,0,0,0,0
110,785,C1=CC(=CC=C1O)O,-2.95,110.112,0.9682,-1.024,2,2,40.46,0,1,2,0,0,0,0,0,0,0,0,0,0,0,0,1,0,0,0,0,0,0,0,0,0,0,0,0,0,0,0,0,0,0
111,518900,COC(=O)CC1=CC=C(C=C1)O,-1.7,166.175,1.225,-1.426,3,1,46.53,3,1,4,0,0,0,0,0,0,0,0,0,0,0,0,1,0,0,0,0,0,0,0,0,0,0,0,0,0,0,0,0,0,0
112,127,C1=CC(=CC=C1CC(=O)O)O,-2.60,152.149,0.7971,-1.298,3,2,57.53,2,1,3,0,0,0,0,0,0,0,1,0,0,0,0,1,0,0,0,0,0,0,0,0,0,0,0,0,0,0,0,0,0,0
113,15420,C1=CC=C(C=C1)O,-1.11,150.22,2.9822,-2.363,1,1,20.23,3,1,5,0,0,0,0,0,0,0,0,0,0,0,0,1,0,0,0,0,0,0,0,0,0,0,0,0,0,0,0,0,0,0
114,86986,C1=CC(=CC=C1CC(=O)N)O,-3.35,151.164,0.3993,-1.374,3,2,63.32,2,1,2,1,0,0,0,0,0,0,0,0,0,0,0,1,0,0,0,0,0,0,0,0,0,0,0,0,0,0,0,0,0,0
117,78153,C1=CC(=C(C=C1)O)C(C),-2.30,150.22,2.8448,-2.535,1,1,20.23,1,1,5,0,0,0,0,0,0,0,0,0,0,0,0,1,0,0,0,0,0,0,0,0,0,0,0,0,0,0,0,0,0,0
118,4338370,C1=CC(=C(C=C1N)[N+](=O)[O-])N,-3.30,153.141,-0.6166,-2.228,5,2,97.86,1,1,1,0,0,1,0,1,0,0,1,0,0,0,0,1,0,0,0,0,0,0,0,0,0,0,0,0,0,0,0,0,0,0
119,10787,C1=CC(=C(C=C1O)O)O,-3.9,126.111,0.6225,-0.728,3,3,60.69,0,1,3,0,0,0,0,0,0,0,0,0,0,0,0,1,0,0,0,0,0,0,0,0,0,0,0,0,0,0,0,0,0,0
120,11137,C1=CC(=CC(=C1)O)[N+](=O)[O-],-2.25,139.11,0.3923,-1.78,4,1,66.05,1,1,2,0,0,0,0,0,0,0,1,0,0,0,0,1,0,0,0,0,0,0,0,0,0,0,0,0,0,0,0,0,0,0
121,1732,C1=C(C=CC(=C1)O)Cl,-1.26,142.585,2.2638,-2.4,1,1,20.23,0,1,2,0,0,0,0,0,0,0,0,0,0,0,0,1,0,0,0,0,0,0,0,0,0,0,0,0,0,0,0,0,0,0
124,125,C1=CC(=CC=C1CO)O,-2.7,124.139,0.7166,-1.204,2,2,40.46,1,1,3,0,0,0,0,0,0,0,0,0,0,0,0,1,0,0,0,0,0,0,0,0,0,0,0,0,0,0,0,0,0,0
125,1001,C1=CC=C(C=C1)CCN,-3.77,121.182,1.0946,-1.6880000000000002,1,1,26.02,2,1,3,0,0,1,1,0,0,1,0,0,0,0,0,1,0,0,0,0,0,0,0,0,0,0,0,0,0,0,0,0,0,0
126,243,C1=CC=C(C=C1)C(=O)O,-1.6,122.123,1.1447,-1.629,2,1,37.3,1,1,1,0,0,0,0,0,0,0,1,0,0,0,0,1,0,0,0,0,0,0,0,0,0,0,0,0,0,0,0,0,0,0
127,241,C1=CC=CC=C1,-1.63,78.1136,1.6596,-1.616,0,0,0.0,0,1,0,0,0,0,0,0,0,0,0,0,0,0,0,1,0,0,0,0,0,0,0,0,0,0,0,0,0,0,0,0,0,0
128,13019,C1=CC(=CC=C1C#N)O,-1.96,119.123,1.1495,-2.093,2,1,44.02,0,1,1,0,0,0,0,0,0,0,0,0,0,0,0,1,0,0,0,0,0,0,0,0,0,0,0,0,0,0,0,0,0,0
129,1057,C1=CC(=C(C(=C1)O)O)O,-2.81,126.111,0.6225,-0.728,3,3,60.69,0,1,3,0,0,0,0,0,0,0,0,0,0,0,0,1,0,0,0,0,0,0,0,0,0,0,0,0,0,0,0,0,0,0
130,2723,C1=CC(=CC(=C1Cl)C)O,-1.23,156.611,2.6077,-2.744,1,1,20.23,0,1,3,0,0,0,0,0,0,0,0,0,0,0,0,1,0,0,0,0,0,0,0,0,0,0,0,0,0,0,0,0,0,0
131,6914,C1=C(C=C(C(=C1Cl)O)Cl)Cl,-1.23,197.448,3.1319,-3.528,1,1,20.23,0,1,1,0,0,0,0,0,0,0,0,0,0,0,0,1,0,0,0,0,0,0,0,0,0,0,0,0,0,0,0,0,0,0
132,6923,C(C)(C)C1=CC=CC=C1O,-1.13,150.22,2.8958,-2.48,1,1,20.23,1,1,5,0,0,0,0,0,0,0,0,0,0,0,0,1,0,0,0,0,0,0,0,0,0,0,0,0,0,0,0,0,0,0
134,335,C1=CC=CC=C1O,-1.80,108.14,1.6578,-1.664,1,1,20.23,0,1,2,0,0,0,0,0,0,0,0,0,0,0,0,1,0,0,0,0,0,0,0,0,0,0,0,0,0,0,0,0,0,0
135,7243,C1=CC=C(C(=C1)N)N,-3.35,108.144,0.305,-1.768,2,2,52.04,0,1,0,0,0,1,0,1,0,0,0,0,0,0,0,1,0,0,0,0,0,0,0,0,0,0,0,0,0,0,0,0,0,0
136,7245,C1=CC=C(C(=C1)O)Cl,-1.48,128.558,1.9199,-2.056,1,1,20.23,0,1,1,0,0,0,0,0,0,0,0,0,0,0,0,1,0,0,0,0,0,0,0,0,0,0,0,0,0,0,0,0,0,0
137,7249,C1=C(C=C(C=C1)O),-1.44,122.166,2.2017,-2.008,1,1,20.23,0,1,3,0,0,0,0,0,0,0,0,0,0,0,0,1,0,0,0,0,0,0,0,0,0,0,0,0,0,0,0,0,0,0
138,7263,C1=CC(=C(C=C1Cl)N)N,-2.68,142.589,0.911,-2.504,2,2,52.04,0,1,0,0,0,1,0,1,0,0,0,0,0,0,0,1,0,0,0,0,0,0,0,0,0,0,0,0,0,0,0,0,0,0
139,3613389,C1=CC(=C(C=C1[N+](=O)[O-])N)O,-3.18,154.125,-0.285,-1.856,5,2,92.07,1,1,2,0,0,1,0,1,0,0,1,0,0,0,0,1,0,0,0,0,0,0,0,0,0,0,0,0,0,0,0,0,0,0
247,2754067,CCCCCCCCN1CCCCCC1=O,-2.28,225.374,3.9059,-2.935,2,0,20.31,7,0,13,1,0,0,0,0,0,0,0,0,0,0,0,0,0,0,1,0,0,0,0,0,0,0,0,0,0,0,0,0,0,0
261,4133,COC(=O)C1=CC=CC=C1O,-1.44,152.149,1.2269,-1.461,3,1,46.53,2,1,3,0,0,0,0,0,0,0,0,0,0,0,0,0,0,0,0,1,0,0,0,0,0,0,0,0,0,0,0,0,0,0
262,14642,CCCCCCCCOC(=O)C1=CC=C(C=C1)O,-2.03,250.337,4.3596,-3.381,3,1,46.53,9,1,10,0,0,0,0,0,0,0,0,0,0,0,0,0,0,0,0,1,0,0,0,0,0,0,0,0,0,0,0,0,0,0
276,12082,COC(=O)C1=CC=C(C=C1)N,-1.63,151.164,0.8953,-1.833,3,1,52.32,2,1,2,0,0,1,0,1,0,0,0,0,0,0,0,0,0,0,0,1,0,0,0,0,0,0,0,0,0,0,0,0,0,0
280,7175,CCCOC(=O)C1=CC=C(C=C1)O,-1.85,180.202,2.0876,-2.031,3,1,46.53,4,1,5,0,0,0,0,0,0,0,0,0,0,0,0,0,0,0,0,1,0,0,0,0,0,0,0,0,0,0,0,0,0,0
281,7184,CCCCOC(=O)C1=CC=C(C=C1)O,-2.57,194.229,2.542,-2.301,3,1,46.53,5,1,6,0,0,0,0,0,0,0,0,0,0,0,0,0,0,0,0,1,0,0,0,0,0,0,0,0,0,0,0,0,0,0
282,7456,COC(=O)C1=CC=C(C=C1)O,-1.85,152.149,1.2269,-1.461,3,1,46.53,2,1,3,0,0,0,0,0,0,0,0,0,0,0,0,0,0,0,0,1,0,0,0,0,0,0,0,0,0,0,0,0,0,0
283,7900,CC(COC)O,-2.90,90.1214,-0.089,-0.476,2,1,29.46,2,0,6,0,0,0,0,0,0,0,0,0,0,0,0,0,0,0,0,0,1,0,0,0,0,0,0,0,0,0,0,0,0,0
284,7996,CC(C)OCCO,-3.35,104.148,0.3173,-0.7759999999999999,2,1,29.46,3,0,7,0,0,0,0,0,0,0,0,0,0,0,0,0,0,0,0,0,1,0,0,0,0,0,0,0,0,0,0,0,0,0
285,8054,CC(=O)OCCOC,-2.88,118.131,0.0363,-0.508,3,0,35.53,4,0,6,0,0,0,0,0,0,0,0,0,0,0,0,0,0,0,0,0,1,0,0,0,0,0,0,0,0,0,0,0,0,0
286,8076,CCOCCO,-3.01,90.1214,-0.042,-0.398,2,1,29.46,3,0,6,0,0,0,0,0,0,0,0,0,0,0,0,0,0,0,0,0,1,0,0,0,0,0,0,0,0,0,0,0,0,0
287,8133,CCCCOCCO,-2.44,118.175,0.8668,-0.938,2,1,29.46,5,0,8,0,0,0,0,0,0,0,0,0,0,0,0,0,0,0,0,0,1,0,0,0,0,0,0,0,0,0,0,0,0,0
290,31288,CCCCOCCOCCOC(=O)C,-3.49,204.265,1.2589,-1.269,4,0,44.76,10,0,12,0,0,0,0,0,0,0,0,0,0,0,0,0,0,0,0,0,1,0,0,0,0,0,0,0,0,0,0,0,0,0
291,29352,CCCOC1=CC=C(C=C1)O,-1.82,152.192,2.1046,-1.908,2,1,29.46,3,1,5,0,0,0,0,0,0,0,0,0,0,0,0,0,0,0,0,0,1,0,0,0,0,0,0,0,0,0,0,0,0,0
294,17756,CCCOCCO,-3.14,104.148,0.4124,-0.6679999999999999,2,1,29.46,4,0,7,0,0,0,0,0,0,0,0,0,0,0,0,0,0,0,0,0,1,0,0,0,0,0,0,0,0,0,0,0,0,0
297,22833331,CCCCOC1=CC=CC(=C1)C(=O)NC(=S)NC2=CC=C(C=C2)C(=O)OCC,-3.96,148.201,0.5870000000000001,-0.88,3,1,38.69,6,0,10,0,0,0,0,0,0,0,0,0,0,0,0,0,0,0,0,0,1,0,0,0,0,0,0,0,0,0,0,0,0,0
299,4946,CC(C)NCC(COC1=CC=CC2=CC=CC=C21)O,-3.74,259.348,2.4155,-3.574,3,2,41.49,6,2,9,0,0,1,1,0,0,1,0,0,0,0,0,0,0,0,0,0,1,0,0,0,0,0,0,0,0,0,0,0,0,0
301,3283,CCOCC,-1.80,74.1224,0.8847,-0.905,1,0,9.23,2,0,5,0,0,0,0,0,0,0,0,0,0,0,0,0,0,0,0,0,1,0,0,0,0,0,0,0,0,0,0,0,0,0
306,264,CCCC(=O)O,-3.00,88.1055,0.6097,-0.999,2,1,37.3,2,0,4,0,0,0,0,0,0,0,1,0,0,0,0,0,0,0,0,0,0,1,0,0,0,0,0,0,0,0,0,0,0,0
307,7991,CCCCC(=O)O,-2.70,102.132,1.0641,-1.269,2,1,37.3,3,0,5,0,0,0,0,0,0,0,1,0,0,0,0,0,0,0,0,0,0,1,0,0,0,0,0,0,0,0,0,0,0,0
308,8094,CCCCCCC(=O)O,-1.7,130.186,1.9729,-1.809,2,1,37.3,5,0,7,0,0,0,0,0,0,0,1,0,0,0,0,0,0,0,0,0,0,1,0,0,0,0,0,0,0,0,0,0,0,0
311,445639,CCCCCCCC/C=C\CCCCCCCC(=O)O,-2.88,282.466,6.7191,-4.551,2,1,37.3,15,0,16,0,0,0,0,0,0,0,1,0,0,0,0,0,0,0,0,0,0,1,0,0,0,0,0,0,0,0,0,0,0,0
317,8892,CCCCCC(=O)O,-1.85,116.159,1.5185,-1.539,2,1,37.3,4,0,6,0,0,0,0,0,0,0,1,0,0,0,0,0,0,0,0,0,0,1,0,0,0,0,0,0,0,0,0,0,0,0
324,5280934,CCC=CCC=CCC=CCCCCCCCC(=O)O,-2.43,278.434,6.2147,-4.095,2,1,37.3,13,0,12,0,0,0,0,0,0,0,1,0,0,0,0,0,0,0,0,0,0,1,0,0,0,0,0,0,0,0,0,0,0,0
336,7628,B(O)(O)O,-3.64,61.8318,0.0,3.28,3,3,60.69,0,0,3,0,0,0,0,0,0,0,0,0,0,0,0,0,0,0,0,0,0,0,1,0,0,0,0,0,0,0,0,0,0,0
337,962,O,-2.95,18.0149,0.0,-0.53,1,1,9.23,0,0,1,0,0,0,0,0,0,0,0,0,0,0,0,0,0,0,0,0,0,0,1,0,0,0,0,0,0,0,0,0,0,0
451,262,CC(C(C)O)O,-4.39,90.1214,-0.1576,-0.726,2,2,40.46,1,0,6,0,0,0,0,0,0,0,0,0,0,0,0,0,0,0,0,0,0,0,0,0,0,0,0,1,0,0,0,0,0,0
452,5988,C([C@@H]1[C@H]([C@@H]([C@H]([C@H](O1)O[C@]2([C@H]([C@@H]([C@H](O2)CO)O)O)CO)O)O)O)O,-5.03,342.296,-4.6102,0.682,11,8,189.53,5,0,23,0,0,0,0,0,0,0,0,0,0,0,0,0,0,0,0,0,0,0,0,0,0,0,0,1,0,0,0,0,0,0
453,1030,CC(CO)O,-3.92,76.0945,-0.5169,-0.348,2,2,40.46,1,0,5,0,0,0,0,0,0,0,0,0,0,0,0,0,0,0,0,0,0,0,0,0,0,0,0,1,0,0,0,0,0,0
457,6251,C([C@H]([C@H]([C@@H]([C@@H](CO)O)O)O)O)O,-4.52,182.171,-3.1458,0.546,6,6,121.38,5,0,12,0,0,0,0,0,0,0,0,0,0,0,0,0,0,0,0,0,0,0,0,0,0,0,0,1,0,0,0,0,0,0
497,3033871,CCCCCCCCN1CCCC1=O,-1.27,197.321,3.2219,-2.395,2,0,20.31,7,0,11,1,0,0,0,0,0,0,0,0,0,0,0,0,0,0,0,0,0,0,0,0,0,0,0,0,0,1,0,0,0,0
507,78555,CCCCCCN1CCCC1=O,-2.65,169.267,2.3131,-1.855,2,0,20.31,5,0,9,1,0,0,0,0,0,0,0,0,0,0,0,0,0,0,0,0,0,0,0,0,0,0,0,0,0,1,0,0,0,0
531,6436,C[C@]12C[C@@H]([C@]3([C@H]([C@@H]1C[C@@H]4[C@]2(OC(O4)(C)C)C(=O)CO)CCC5=CC(=O)C=C[C@@]53C)F)O,-4.69,434.502,1.332,-3.661,6,2,93.06,2,0,22,0,0,0,0,0,0,0,0,0,0,0,0,0,0,0,0,0,0,0,0,0,0,0,0,0,0,0,1,0,0,0
562,3423265,CCCCCCCCCCCCOS(=O)(=O)[O-],-2.49,288.383,1.7321,-2.031,4,0,74.81,12,0,15,0,0,0,0,0,0,0,1,0,0,0,0,0,0,0,0,0,0,0,0,0,0,0,0,0,0,0,0,0,1,0
582,7507,C1CCC(CC1)CO,-3.48,114.187,1.3946,-1.803,1,1,20.23,1,0,8,0,0,0,0,0,0,0,0,0,0,0,0,0,0,0,0,0,0,0,0,0,0,0,0,0,0,0,0,0,0,1
583,6986,CC1CCC(C(=O)C1)C(C)C,-3.83,154.252,2.5549,-2.552,1,0,17.07,1,0,9,0,0,0,0,0,0,0,0,0,0,0,0,0,0,0,0,0,0,0,0,0,0,0,0,0,0,0,0,0,0,1
584,101977,C[C@H](CCC=C(C)C)CCO,-2.97,156.268,3.3494,-2.153,1,1,20.23,5,0,9,0,0,0,0,0,0,0,0,0,0,0,0,0,0,0,0,0,0,0,0,0,0,0,0,0,0,0,0,0,0,1
585,637566,CC(=CCC/C(=C/CO)/C)C,-3.22,154.252,3.4853,-1.889,1,1,20.23,4,0,7,0,0,0,0,0,0,0,0,0,0,0,0,0,0,0,0,0,0,0,0,0,0,0,0,0,0,0,0,0,0,1
586,643820,CC(=CCC/C(=C\CO)/C)C,-3.39,154.252,3.4853,-1.889,1,1,20.23,4,0,7,0,0,0,0,0,0,0,0,0,0,0,0,0,0,0,0,0,0,0,0,0,0,0,0,0,0,0,0,0,0,1
587,638072,CC(=CCC/C(=C/CC/C(=C/CC/C=C(/CC/C=C(/CCC=C(C)C)\C)\C)/C)/C)C,-3.65,410.727,13.099,-6.3,0,0,0.0,15,0,18,0,0,0,0,0,0,0,0,0,0,0,0,0,0,0,0,0,0,0,0,0,0,0,0,0,0,0,0,0,0,1
588,16217350,C[C@@]12CC[C@@H]3[C@H](CC3(C)C)C(=C)CC[C@H]1O2,-3.62,222.37,3.1597,-3.399,1,1,20.23,1,0,16,0,0,0,0,0,0,0,0,0,0,0,0,0,0,0,0,0,0,0,0,0,0,0,0,0,0,0,0,0,0,1
589,1742210,[C@@]12CC[C@@H]3[C@H](CC3(C)C)C(=C)CC[C@H]1O2,-2.65,220.355,4.0553,-3.5580000000000003,1,0,12.53,0,0,14,0,0,0,0,0,0,0,0,0,0,0,0,0,0,0,0,0,0,0,0,0,0,0,0,0,0,0,0,0,0,1
590,8364,CCCCC(CC)COC(=O)C1=CC=CC=C1O,-2.25,250.337,4.1235,-3.2710000000000004,3,1,46.53,8,1,10,0,0,0,0,0,0,0,0,0,0,0,0,0,0,0,0,0,0,0,0,0,0,0,0,0,0,0,0,0,0,1
593,31253,CC(=CCCC(=C)C=C)C,-2.19,136.237,4.2932,-2.502,0,0,0.0,4,0,4,0,0,0,0,0,0,0,0,0,0,0,0,0,0,0,0,0,0,0,0,0,0,0,0,0,0,0,0,0,0,1
596,2724159,CC(=C)[C@H]1CCC(=CC1)C=O,-2.86,150.22,2.2224,-2.247,1,0,17.07,2,0,5,0,0,0,0,0,0,0,0,0,0,0,0,0,0,0,0,0,0,0,0,0,0,0,0,0,0,0,0,0,0,1
597,443163,C[C@@H]1CC[C@H](C[C@H]1O)C(=C)C,-3.89,154.252,2.6138,-2.404,1,1,20.23,1,0,9,0,0,0,0,0,0,0,0,0,0,0,0,0,0,0,0,0,0,0,0,0,0,0,0,0,0,0,0,0,0,1
598,89755,C[C@H]1CC[C@@H](C[C@@H]1O)C(=C)C,-3.77,154.252,2.6138,-2.404,1,1,20.23,1,0,9,0,0,0,0,0,0,0,0,0,0,0,0,0,0,0,0,0,0,0,0,0,0,0,0,0,0,0,0,0,0,1
602,444795,CC1=C(C(CCC1)(C)C)/C=C/C(=C/C=C/C(=C/C(=O)O)/C)/C,-4.7,300.44,5.8207,-3.478,2,1,37.3,5,0,10,0,0,0,0,0,0,0,1,0,0,0,0,0,0,0,0,0,0,0,0,0,0,0,0,0,0,0,0,0,0,1
603,3327,CC(=CCCC(=CCCC(=CCO)C)C)C,-2.79,222.37,5.6571,-2.865,1,1,20.23,7,0,10,0,0,0,0,0,0,0,0,0,0,0,0,0,0,0,0,0,0,0,0,0,0,0,0,0,0,0,0,0,0,1
604,6431015,C[C@@H]1CC[C@@H]2[C@]13CC=C([C@H](C3)C2(C)C)C,-2.92,204.356,3.9819,-3.642,0,0,0.0,0,0,13,0,0,0,0,0,0,0,0,0,0,0,0,0,0,0,0,0,0,0,0,0,0,0,0,0,0,0,0,0,0,1
606,1796220,C[C@]12CCCC([C@@H]3[C@H]1CC[C@@H]3C2=C)(C)C,-3.25,204.356,4.0602,-3.809,0,0,0.0,0,0,13,0,0,0,0,0,0,0,0,0,0,0,0,0,0,0,0,0,0,0,0,0,0,0,0,0,0,0,0,0,0,1
607,221071,C[C@H]1[C@@H]2CC[C@]3(C=CC(=O)C(=C3[C@H]2OC1=O)C)C,-3.44,246.305,1.8467,-2.704,3,0,43.37,0,0,10,0,0,0,0,0,0,0,0,0,0,0,0,0,0,0,0,0,0,0,0,0,0,0,0,0,0,0,0,0,0,1
608,11095734,C[C@@H]1CC[C@@H]2[C@@H]1[C@H]3[C@H](C3(C)C)CCC2=C,-3.17,204.356,3.998,-3.792,0,0,0.0,0,0,13,0,0,0,0,0,0,0,0,0,0,0,0,0,0,0,0,0,0,0,0,0,0,0,0,0,0,0,0,0,0,1
609,227829,C[C@H]1CC[C@H](CC2=C1CC[C@@H]2C)C(C)(C)O,-3.54,222.37,3.6689,-3.256,1,1,20.23,1,0,14,0,0,0,0,0,0,0,0,0,0,0,0,0,0,0,0,0,0,0,0,0,0,0,0,0,0,0,0,0,0,1
610,10364,CC1=C(C=C(C=C1)C(C)C)O,-3.77,150.22,2.8448,-2.535,1,1,20.23,1,1,5,0,0,0,0,0,0,0,0,0,0,0,0,0,0,0,0,0,0,0,0,0,0,0,0,0,0,0,0,0,0,1
611,5320249,CC(=C)CC/C=C(\C)/C=C,-2.36,136.237,4.2932,-2.502,0,0,0.0,4,0,4,0,0,0,0,0,0,0,0,0,0,0,0,0,0,0,0,0,0,0,0,0,0,0,0,0,0,0,0,0,0,1
612,136330,CC1=CC=CC(CC1=O)(C)C,-3.33,150.22,2.1758,-2.077,1,0,17.07,0,0,5,0,0,0,0,0,0,0,0,0,0,0,0,0,0,0,0,0,0,0,0,0,0,0,0,0,0,0,0,0,0,1
614,10582,CC1(C2CC=C(C1C2)CO)C,-2.63,152.236,1.7943,-2.012,1,1,20.23,1,0,9,0,0,0,0,0,0,0,0,0,0,0,0,0,0,0,0,0,0,0,0,0,0,0,0,0,0,0,0,0,0,1
615,10586,CC1(C2CC=C(C1C2)CO)C,-2.18,222.37,4.4711,-3.162,1,1,20.23,4,0,12,0,0,0,0,0,0,0,0,0,0,0,0,0,0,0,0,0,0,0,0,0,0,0,0,0,0,0,0,0,0,1
616,638011,CC(=CCC/C(=C/C=O)/C)C,-2.22,152.236,3.273,-2.104,1,0,17.07,4,0,5,0,0,0,0,0,0,0,0,0,0,0,0,0,0,0,0,0,0,0,0,0,0,0,0,0,0,0,0,0,0,1
617,11106485,C1=CC=C(C=C1)[C@H]2C3=C(C=CC(=C3)Br)N=C(N2CC(=O)NN)C4=CC=C(C=C4)Cl,-2.9,204.356,4.0602,-3.809,0,0,0.0,0,0,13,0,0,0,0,0,0,0,0,0,0,0,0,0,0,0,0,0,0,0,0,0,0,0,0,0,0,0,0,0,0,1
618,261491,C[C@@H]1[C@H]2C[C@]2(CC1=O)C(C)C,-3.75,152.236,2.1785,-2.435,1,0,17.07,1,0,9,0,0,0,0,0,0,0,0,0,0,0,0,0,0,0,0,0,0,0,0,0,0,0,0,0,0,0,0,0,0,1
619,22227,C[C@@H]1CC[C@H](CC1=O)C(=C)C,-3.15,152.236,2.7575,-2.455,1,0,17.07,1,0,7,0,0,0,0,0,0,0,0,0,0,0,0,0,0,0,0,0,0,0,0,0,0,0,0,0,0,0,0,0,0,1
621,61130,CC1(C2CC=C(C1C2)C=O)C,-2.39,150.22,1.582,-2.227,1,0,17.07,1,0,7,0,0,0,0,0,0,0,0,0,0,0,0,0,0,0,0,0,0,0,0,0,0,0,0,0,0,0,0,0,0,1
622,11463,CC1=CCC(=C(C)C)CC1,-3.06,136.237,3.454,-2.336,0,0,0.0,0,0,6,0,0,0,0,0,0,0,0,0,0,0,0,0,0,0,0,0,0,0,0,0,0,0,0,0,0,0,0,0,0,1
623,443157,C[C@@H](CCC=C(C)C)CC=O,-2.22,154.252,3.1371,-2.3680000000000003,1,0,17.07,5,0,7,0,0,0,0,0,0,0,0,0,0,0,0,0,0,0,0,0,0,0,0,0,0,0,0,0,0,0,0,0,0,1
625,439570,CC1=CC[C@H](CC1=O)C(=C)C,-3.32,150.22,2.653,-2.191,1,0,17.07,1,0,5,0,0,0,0,0,0,0,0,0,0,0,0,0,0,0,0,0,0,0,0,0,0,0,0,0,0,0,0,0,0,1
626,23204,CC1=CC[C@H](CC1=O)C(=C)C,-2.71,204.356,6.2387,-3.401,0,0,0.0,0,0,9,0,0,0,0,0,0,0,0,0,0,0,0,0,0,0,0,0,0,0,0,0,0,0,0,0,0,0,0,0,0,1
627,445354,CC1=C(C(CCC1)(C)C)/C=C/C(=C/C=C/C(=C/CO)/C)/C,-2.86,286.457,6.1703,-3.4960000000000004,1,1,20.23,5,0,11,0,0,0,0,0,0,0,0,0,0,0,0,0,0,0,0,0,0,0,0,0,0,0,0,0,0,0,0,0,0,1
629,5284507,CC(=CCC/C(=C/CCC(C)(C=C)O)/C)C,-2.08,222.37,5.4029,-3.125,1,1,20.23,7,0,10,0,0,0,0,0,0,0,0,0,0,0,0,0,0,0,0,0,0,0,0,0,0,0,0,0,0,0,0,0,0,1
630,5280489,CC1=C(C(CCC1)(C)C)/C=C/C(=C/C=C/C(=C/C=C/C=C(/C=C/C=C(/C=C/C2=C(CCCC2(C)C)C)\C)\C)/C)/C,-4.62,536.885,13.873,-7.334,0,0,0.0,10,0,18,0,0,0,0,0,0,0,0,0,0,0,0,0,0,0,0,0,0,0,0,0,0,0,0,0,0,0,0,0,0,1
632,5280435,C[C@@H](CCC[C@@H](C)CCC/C(=C/CO)/C)CCCC(C)C,-2.21,296.5370000000001,7.4212,-4.633,1,1,20.23,13,0,19,0,0,0,0,0,0,0,0,0,0,0,0,0,0,0,0,0,0,0,0,0,0,0,0,0,0,0,0,0,0,1
633,65575,C[C@@H]1CC[C@@H]2[C@]13CC[C@@]([C@H](C3)C2(C)C)(C)O,-3.42,222.37,3.263,-3.4560000000000004,1,1,20.23,0,0,16,0,0,0,0,0,0,0,0,0,0,0,0,0,0,0,0,0,0,0,0,0,0,0,0,0,0,0,0,0,0,1
634,13918856,C[C@@H]1CC[C@@H]2[C@]13CC[C@@]([C@H](C3)C2(C)C)(C)OC(=O)C,-2.38,264.407,3.7476,-3.866,2,0,26.3,2,0,17,0,0,0,0,0,0,0,0,0,0,0,0,0,0,0,0,0,0,0,0,0,0,0,0,0,0,0,0,0,0,1
635,6549,CC(=CCCC(C)(C=C)O)C,-4.0,154.252,3.2311,-2.149,1,1,20.23,4,0,7,0,0,0,0,0,0,0,0,0,0,0,0,0,0,0,0,0,0,0,0,0,0,0,0,0,0,0,0,0,0,1
638,5281515,C/C/1=C\CCC(=C)[C@H]2CC([C@@H]2CC1)(C)C,-3.15,204.356,5.4861,-3.662,0,0,0.0,0,0,11,0,0,0,0,0,0,0,0,0,0,0,0,0,0,0,0,0,0,0,0,0,0,0,0,0,0,0,0,0,0,1
639,11858788,C[C@@H]1CC[C@@H]2[C@@H]1[C@H]3[C@H](C3(C)C)CC[C@]2(C)O,-1.96,222.37,3.2008,-3.439,1,1,20.23,0,0,16,0,0,0,0,0,0,0,0,0,0,0,0,0,0,0,0,0,0,0,0,0,0,0,0,0,0,0,0,0,0,1
640,16666,C[C@@H]1CC[C@H]([C@@H](C1)O)C(C)C,-3.21,156.268,2.4112,-2.501,1,1,20.23,1,0,11,0,0,0,0,0,0,0,0,0,0,0,0,0,0,0,0,0,0,0,0,0,0,0,0,0,0,0,0,0,0,1
641,170833,C[C@@H]1CC[C@H]([C@@H](C1)O)C(=C)C,-3.72,154.252,2.6138,-2.404,1,1,20.23,1,0,9,0,0,0,0,0,0,0,0,0,0,0,0,0,0,0,0,0,0,0,0,0,0,0,0,0,0,0,0,0,0,1
643,442495,C[C@@H]1CCC(=C(C)C)C(=O)C1,-2.87,152.236,2.8501,-2.252,1,0,17.07,0,0,7,0,0,0,0,0,0,0,0,0,0,0,0,0,0,0,0,0,0,0,0,0,0,0,0,0,0,0,0,0,0,1
644,6989,CC1=CC(=C(C=C1)C(C)C)O,-3.74,150.22,2.8448,-2.535,1,1,20.23,1,1,5,0,0,0,0,0,0,0,0,0,0,0,0,0,0,0,0,0,0,0,0,0,0,0,0,0,0,0,0,0,0,1
646,7438,CC1=CCC(CC1O)C(=C)C,-2.91,152.236,2.5093,-2.14,1,1,20.23,1,0,7,0,0,0,0,0,0,0,0,0,0,0,0,0,0,0,0,0,0,0,0,0,0,0,0,0,0,0,0,0,0,1
648,7460,CC1=CCC(C=C1)C(C)C,-2.23,136.237,2.8834,-2.408,0,0,0.0,1,0,6,0,0,0,0,0,0,0,0,0,0,0,0,0,0,0,0,0,0,0,0,0,0,0,0,0,0,0,0,0,0,1
